"module","page","route_path","table_name","table_role","department","role","access_scope","crud_or_read","existing_policy_status","notes"
"Sales","Leads List","/app/sales/leads/list","sales_leads","core-data","SAL","","all","CRUD","none-found","Primary Leads CRUD table. lead_owner_id column exists and could support a future self-scoped write policy (staff edit only own leads, read all for team visibility) - not applied now, current frontend has no ownership filter anywhere (list query and mutation services both operate department-wide) so 'all' matches current behavior exactly."
"Sales","Leads List","/app/sales/leads/list","clients","lookup-dimension","SAL","","all","READ","none-found","Prospect half of the unified Lead account picker (leadAccountSearch.js/clientSearch.js) and the 'Client (Prospect)' filter. Also a core-data table in its own right - see Clients page rows below. Moved off the Clients page's own SAP link 2026-08 - see DASHBOARD-ROADMAP.md §1.4."
"Sales","Leads List","/app/sales/leads/list","sap_customers","lookup-dimension","SAL","","all","READ","none-found","Added 2026-08 - SAP-customer half of the unified Lead account picker (leadAccountSearch.js/sapCustomerSearch.js) and the 'SAP Customer' filter, plus the joined sap_customer relation read for already-linked leads' display name/contact/city and the LeadSidebar SAP-orders bridge. sales_leads.sap_customer_code is the FK - see DASHBOARD-ROADMAP.md §1.4."
"Sales","Leads List","/app/sales/leads/list","lead_source_types","lookup-dimension","SAL","","all","READ","none-found","Leads metadata dropdown (leadsMetadataService.js)."
"Sales","Leads List","/app/sales/leads/list","sales_leads_lose_reasons","lookup-dimension","SAL","","all","READ","none-found","Leads metadata dropdown (leadsMetadataService.js). UI field is currently commented out but the metadata fetch is still live on every page load."
"Sales","Leads List","/app/sales/leads/list","employees_public","lookup-dimension","SAL","","all","READ","none-found","Owners dropdown (leadsMetadataService.js). Cross-cutting HR-owned view, not Sales-owned - verify this doesn't conflict with a broader HR-authored policy on the same view."
"Sales","Leads Overview","/app/sales/leads/overview","sales_leads","core-data","SAL","","all","READ","none-found","Read via get_sales_leads_dashboard RPC (SECURITY INVOKER - RLS on this table applies to the calling user)."
"Sales","Leads Overview","/app/sales/leads/overview","sales_leads_stage_history","core-data","SAL","","all","READ","none-found","Read via RPC only (closing_dates CTE) - no direct frontend .from() call exists anywhere. Confirm whether the app or a DB trigger inserts rows here on stage transitions before assuming no write path needs a policy."
"Sales","Leads Overview","/app/sales/leads/overview","sales_leads_lose_reasons","core-data","SAL","","all","READ","none-found","lossReasonData CTE in the RPC - the reason label is the chart's own group-by dimension, not decorative."
"Sales","Leads Overview","/app/sales/leads/overview","sales_targets","core-data","SAL","","all","READ","create-not-confirmed-applied","scorecardData target/quota math in the RPC. Staff need READ here even though the dedicated Targets management page is manager-only (R4) - this is the one place a rep sees their own quota. Pair with the Leads Targets page's (SAL, manager, CRUD) row below under Postgres's per-command policy model: a FOR SELECT policy here plus a FOR ALL policy for managers gives staff read-only and managers full CRUD, without one overriding the other."
"Sales","Leads Overview","/app/sales/leads/overview","lead_source_types","lookup-dimension","SAL","","all","READ","none-found","sourceData grouping dimension in the RPC."
"Sales","Leads Overview","/app/sales/leads/overview","clients","lookup-dimension","SAL","","all","READ","none-found","topClientsData grouping dimension in the RPC (Prospect half - account_name/account_key CTE, added 2026-08)."
"Sales","Leads Overview","/app/sales/leads/overview","sap_customers","lookup-dimension","SAL","","all","READ","none-found","Added 2026-08 - topClientsData grouping dimension in the RPC (SAP-customer half - account_name/account_key CTE) and the 'SAP Customer' filter (getFilterConfig)."
"Sales","Leads Overview","/app/sales/leads/overview","employees","display-join","SAL","","all","READ","none-found","⚠ INNER JOIN in leadOwnerData and scorecardData.rep_actuals - an RLS denial here doesn't null the name, it silently drops the whole lead-owner's row from those two datasets. Cross-cutting HR-owned table, not Sales-owned."
"Sales","Leads Overview","/app/sales/leads/overview","profiles","display-join","SAL","","all","READ","none-found","avatar_url only, left-joined off employees.profile_id. Cross-cutting system-owned table."
"Sales","Leads Overview","/app/sales/leads/overview","sales_targets","core-data","SAL","","all","READ","create-not-confirmed-applied","Also read via the separate get_sales_targets_prorated RPC (fetchSalesTargets.js), used only by this page - table inferred from the RPC's name, not independently verified in this pass since that RPC's body wasn't read."
"Sales","Leads Targets","/app/sales/leads/targets","sales_targets","core-data","SAL","manager","all","CRUD","create-not-confirmed-applied","Manager-only page (R4) - sets/edits every rep's quota. sales_targets_budgets_crud.sql already drafts this exact policy (name-based join style) but its own header comment says RLS may not even be enabled yet on this table - confirm before relying on it."
"Sales","Leads Targets","/app/sales/leads/targets","employees","lookup-dimension","SAL","manager","all","READ","none-found","Sales rep picker (employeeSearch.js). Cross-cutting HR-owned table."
"Sales","Clients (List/Overview)","/app/sales/clients/list","clients","core-data","SAL","","all","CRUD","none-found","Primary Clients CRUD table. No per-rep owner column found - clients are department-shared accounts in this data model, not individually assigned, so no self-scope candidate here (unlike sales_leads). Prospect-only since 2026-08 - the SAP link moved off this table onto sales_leads.sap_customer_code directly (see the Leads List/Overview sap_customers rows above); this page and table no longer touch sap_customers at all. See hyrax-central-portal/docs/DASHBOARD-ROADMAP.md §1.4."
"Sales","Clients (List/Overview)","/app/sales/clients/list","industries","lookup-dimension","SAL","","all","READ","none-found","Industry dropdown (clientsMetadataService.js) - small reference table."
"Sales","Clients (List/Overview)","/app/sales/clients/list","sales_leads","display-join","SAL","","all","READ","none-found","Client detail sidebar's 'Leads' tab (fetchLeadsByClientId) - already covered by the Leads List CRUD row above, listed here for completeness of this page's own table footprint."
"Sales","Sales Orders","/app/sales/orders/all","sap_sales_orders","core-data","SAL","manager","all","READ","none-found","SAP is the system of record - file's own comment confirms no create/update/delete from the app anywhere."
"Sales","Sales Orders","/app/sales/orders/all","sap_sales_order_lines","line-item-detail","SAL","manager","all","READ","none-found","Order detail sidebar (fetchSalesOrderLines), embeds sap_items."
"Sales","Sales Orders","/app/sales/orders/all","sap_items","display-join","SAL","manager","all","READ","none-found","Embedded only, for the order-line item name (select *, sap_items(item_name)). Operations Reports needs this table far more broadly (stock position) - out of scope here, this row only covers the Sales line-item-name embed."
"Sales","Sales Orders","/app/sales/orders/all","sap_sales_persons","lookup-dimension","SAL","manager","all","READ","none-found","Sales rep filter dropdown (salesOrdersMetadataService.js)."
"Sales","Sales Orders","/app/sales/orders/all","sap_customers","lookup-dimension","SAL","manager","all","READ","none-found","Customer filter dropdown (searchSapCustomers/getSapCustomerByCode)."
"Sales","Sales Orders","/app/sales/orders/all","sap_pipeline_state","metadata-freshness","SAL","manager","all","READ","none-found","Data-freshness banner, filtered to pipeline_name='sap_sales_orders'. Low-sensitivity metadata - a single blanket 'any authenticated user' policy would also be a reasonable simplification instead of per-department rows, since it contains no business data, just sync timestamps."
"Sales","Sales Budgets","/app/sales/orders/budgets","sales_budgets","core-data","SAL","manager","all","CRUD","none-found","Manager-only page (R4). Keyed by sales_rep_code, not lead_owner_id - unlike sales_targets, no page grants SAL staff any read access to this table (get_sales_leads_dashboard does not read sales_budgets), so no staff READ row is needed here."
"Sales","Sales Budgets","/app/sales/orders/budgets","sap_sales_persons","lookup-dimension","SAL","manager","all","READ","none-found","Sales rep picker (salesBudgetsMetadataService.js)."
"Sales","Sales Reports","/app/sales/reports","sales_leads","core-data","SAL","manager","all","READ","none-found","Already covered for all SAL roles by the Leads List CRUD row above (blank role is a superset of manager) - listed here only to document that Sales Reports is also a consumer."
"Sales","Sales Reports","/app/sales/reports","sales_leads_stage_history","core-data","SAL","manager","all","READ","none-found","Already covered by the Leads Overview row above."
"Sales","Sales Reports","/app/sales/reports","sap_invoices","core-data","SAL","manager","all","READ","none-found","base_invoices CTE (order-vs-invoice / RCT2 chain) - see also the Finance rows for this table below; this row is the incremental SAL slice."
"Sales","Sales Reports","/app/sales/reports","sap_sales_orders","core-data","SAL","manager","all","READ","none-found","Already covered by the Sales Orders page row above (same SAL+manager condition)."
"Sales","Sales Reports","/app/sales/reports","sap_payments","core-data","SAL","manager","all","READ","none-found","base_payment_apps CTE - see also the Finance rows for this table below; this row is the incremental SAL slice."
"Sales","Sales Reports","/app/sales/reports","sap_payment_applications","core-data","SAL","manager","all","READ","none-found","base_payment_apps CTE - see also the Finance rows for this table below; this row is the incremental SAL slice."
"Sales","Sales Reports","/app/sales/reports","sales_targets","core-data","SAL","manager","all","READ","create-not-confirmed-applied","pipeline_target_math CTE (Forecast 1) - already covered by the Leads Overview READ row above (blank role is a superset of manager)."
"Sales","Sales Reports","/app/sales/reports","sales_budgets","core-data","SAL","manager","all","READ","none-found","budget_math CTE (Forecast 2) - already covered by the Sales Budgets page row above."
"Sales","Sales Reports","/app/sales/reports","sap_sales_persons","display-join","SAL","manager","all","READ","none-found","⚠ INNER JOIN in orderBookData and grossProfitByRepData - an RLS denial silently drops the rep's row from those two charts, not just the name."
"Sales","Sales Reports","/app/sales/reports","employee_sales_rep_mapping","display-join","SAL","manager","all","READ","none-found","Bridge table, resolves sales_rep_code to an employee for display only. Never queried directly by any frontend .from() call - read server-side inside this RPC only."
"Sales","Sales Reports","/app/sales/reports","employees","display-join","SAL","manager","all","READ","none-found","Display name via the mapping table, left join (no row-drop risk here, unlike the Leads Overview employees join)."
"Sales","Sales Reports","/app/sales/reports","profiles","display-join","SAL","manager","all","READ","none-found","avatar_url, left join."
"Sales","Sales Reports","/app/sales/reports","lead_source_types","lookup-dimension","SAL","manager","all","READ","none-found","sourceData dimension - already covered by the Leads Overview row above."
"Sales","Sales Reports","/app/sales/reports","clients","lookup-dimension","SAL","manager","all","READ","none-found","topClientsData dimension (Prospect half, account_name/account_key CTE) - already covered by the Clients page row above."
"Sales","Sales Reports","/app/sales/reports","sap_customers","lookup-dimension","SAL","manager","all","READ","none-found","Added 2026-08 - topClientsData dimension (SAP-customer half, account_name/account_key CTE) - already covered by the Leads List/Overview sap_customers rows above."
"Sales","Sales Reports","/app/sales/reports","sap_pipeline_state","metadata-freshness","SAL","manager","all","READ","none-found","Freshness banner (salesReportsMetadataService.js). Already covered by the Sales Orders page row above."
"Sales","Sales Reports","/app/sales/reports","employees_public","lookup-dimension","SAL","manager","all","READ","none-found","Owners filter dropdown (salesReportsMetadataService.js) - already covered by the Leads List row above."
"Sales","Sales Reports","/app/sales/reports","clients","dimension","MGM","manager","all","READ","none-found","Incremental Top Management slice - MGM has no other way to reach this table (excluded from the Clients page per R3)."
"Sales","Sales Reports","/app/sales/reports","sap_customers","dimension","MGM","manager","all","READ","none-found","Incremental Top Management slice - added 2026-08, same condition as the SAL row above."
"Sales","Sales Reports","/app/sales/reports","sales_leads","core-data","MGM","manager","all","READ","none-found","Incremental Top Management slice - MGM has no other way to reach this table (excluded from Leads pages per R3)."
"Sales","Sales Reports","/app/sales/reports","sales_leads_stage_history","core-data","MGM","manager","all","READ","none-found","Incremental Top Management slice."
"Sales","Sales Reports","/app/sales/reports","sales_targets","core-data","MGM","manager","all","READ","create-not-confirmed-applied","Incremental Top Management slice."
"Sales","Sales Reports","/app/sales/reports","sales_budgets","core-data","MGM","manager","all","READ","none-found","Incremental Top Management slice - MGM has no other way to reach this table (excluded from Sales Budgets per R3)."
"Sales","Sales Reports","/app/sales/reports","sap_sales_orders","core-data","MGM","manager","all","READ","none-found","Incremental Top Management slice - MGM has no other way to reach this table (excluded from Sales Orders per R3)."
"Sales","Sales Reports","/app/sales/reports","sap_invoices","core-data","MGM","manager","all","READ","none-found","Incremental Top Management slice - see also the Finance rows for this table, same MGM condition, only needs to exist once."
"Sales","Sales Reports","/app/sales/reports","sap_payments","core-data","MGM","manager","all","READ","none-found","Incremental Top Management slice - same MGM condition as the Finance rows for this table, only needs to exist once."
"Sales","Sales Reports","/app/sales/reports","sap_payment_applications","core-data","MGM","manager","all","READ","none-found","Incremental Top Management slice - same MGM condition as the Finance rows for this table, only needs to exist once."
"Sales","Sales Reports","/app/sales/reports","sap_sales_persons","display-join","MGM","manager","all","READ","none-found","Incremental Top Management slice. ⚠ inner-join row-drop risk, same as the SAL row above."
"Sales","Sales Reports","/app/sales/reports","employee_sales_rep_mapping","display-join","MGM","manager","all","READ","none-found","Incremental Top Management slice."
"Sales","Sales Reports","/app/sales/reports","employees","display-join","MGM","manager","all","READ","none-found","Incremental Top Management slice."
"Sales","Sales Reports","/app/sales/reports","profiles","display-join","MGM","manager","all","READ","none-found","Incremental Top Management slice."
"Sales","Sales Reports","/app/sales/reports","lead_source_types","lookup-dimension","MGM","manager","all","READ","none-found","Incremental Top Management slice."
"Sales","Sales Reports","/app/sales/reports","sap_pipeline_state","metadata-freshness","MGM","manager","all","READ","none-found","Incremental Top Management slice - same MGM condition as the Finance row for this table, only needs to exist once."
"Sales","Sales Reports","/app/sales/reports","employees_public","lookup-dimension","MGM","manager","all","READ","none-found","Incremental Top Management slice."
"Sales","Quotations","/app/sales/quotations","(none)","n/a","","","","","n/a","Quotations.jsx is a literal empty stub - zero imports, zero data fetching. No table access exists yet; nothing to grant."
"Finance","Invoices","/app/finance/invoices","sap_invoices","core-data","FIN","","all","READ","none-found","SAP is the system of record - service file's own comment confirms no create/update/delete from the app anywhere."
"Finance","Invoices","/app/finance/invoices","sap_customers","lookup-dimension","FIN","","all","READ","none-found","Customer filter dropdown (financeMetadataService.js)."
"Finance","Invoices","/app/finance/invoices","sap_sales_persons","lookup-dimension","FIN","","all","READ","none-found","Sales rep filter dropdown (financeMetadataService.js searchSalesReps)."
"Finance","Invoice Lines (detail)","","sap_invoice_lines","line-item-detail","FIN","","all","READ","none-found","InvoiceSidebar.jsx via useInvoiceLines, filtered by doc_entry."
"Finance","Invoice Lines (detail)","","sap_items","display-join","FIN","","all","READ","none-found","Embedded only, for the invoice-line item name (select *, sap_items(item_name))."
"Finance","Payments","/app/finance/payments","sap_payments","core-data","FIN","","all","READ","none-found","Read-only, no app writes."
"Finance","Payments","/app/finance/payments","sap_customers","lookup-dimension","FIN","","all","READ","none-found","Customer filter dropdown - already covered by the Invoices page row above."
"Finance","Payment Applications (detail)","","sap_payment_applications","line-item-detail","FIN","","all","READ","none-found","PaymentSidebar.jsx via usePaymentApplications, filtered by payment_ref."
"Finance","Bills","/app/finance/bills","sap_vendor_bills","core-data","FIN","","all","READ","none-found","AP mirror of Invoices - read-only, no app writes."
"Finance","Bills","/app/finance/bills","sap_customers","lookup-dimension","FIN","","all","READ","none-found","Vendor filter dropdown, same physical table as the Customer filter (distinguished by card_type='S') - already covered by the Invoices page row above."
"Finance","Bill Lines (detail)","","sap_vendor_bill_lines","line-item-detail","FIN","","all","READ","none-found","BillSidebar.jsx via useBillLines, filtered by doc_entry."
"Finance","Bill Lines (detail)","","sap_items","display-join","FIN","","all","READ","none-found","Embedded only, for the bill-line item name - already covered by the Invoice Lines row above."
"Finance","Vendor Payments","/app/finance/vendor-payments","sap_vendor_payments","core-data","FIN","","all","READ","none-found","AP mirror of Payments - read-only, no app writes."
"Finance","Vendor Payments","/app/finance/vendor-payments","sap_customers","lookup-dimension","FIN","","all","READ","none-found","Vendor filter dropdown - already covered by the Invoices page row above."
"Finance","Vendor Payment Applications (detail)","","sap_vendor_payment_applications","line-item-detail","FIN","","all","READ","none-found","VendorPaymentSidebar.jsx via useVendorPaymentApplications, filtered by payment_ref."
"Finance","Journal Entries","/app/finance/journal-entries","sap_gl_journal_entries","core-data","FIN","","all","READ","none-found","General Ledger header list - read-only, no app writes."
"Finance","Journal Entry Lines (detail)","","sap_gl_journal_lines","line-item-detail","FIN","","all","READ","none-found","JournalEntrySidebar.jsx via useJournalEntryLines, filtered by trans_id."
"Finance","Journal Entry Lines (detail)","","sap_gl_accounts","display-join","FIN","","all","READ","none-found","Embedded only, for the journal-line account_name - already covered by the Chart of Accounts page row below."
"Finance","Chart of Accounts","/app/finance/chart-of-accounts","sap_gl_accounts","core-data","FIN","","all","READ","none-found","General Ledger reference data - read-only, no app writes."
"Finance","Claims Management","/app/finance/claims-management","(none)","n/a","","","","","n/a","ClaimsManagement.jsx is a literal empty stub (return <div>ClaimsManagement</div>). No table access exists yet; nothing to grant."
"Finance","Financial Reports","/app/finance/reports","sap_invoices","core-data","FIN","manager","all","READ","none-found","Already covered for all FIN roles by the Invoices page row above (blank role is a superset of manager) - listed here to document Financial Reports is also a consumer."
"Finance","Financial Reports","/app/finance/reports","sap_payments","core-data","FIN","manager","all","READ","none-found","Already covered by the Payments page row above."
"Finance","Financial Reports","/app/finance/reports","sap_payment_applications","core-data","FIN","manager","all","READ","none-found","Already covered by the Payment Applications detail row above."
"Finance","Financial Reports","/app/finance/reports","sap_vendor_bills","core-data","FIN","manager","all","READ","none-found","Already covered by the Bills page row above."
"Finance","Financial Reports","/app/finance/reports","sap_vendor_payments","core-data","FIN","manager","all","READ","none-found","Already covered by the Vendor Payments page row above."
"Finance","Financial Reports","/app/finance/reports","sap_vendor_payment_applications","core-data","FIN","manager","all","READ","none-found","Already covered by the Vendor Payment Applications detail row above."
"Finance","Financial Reports","/app/finance/reports","sap_gl_accounts","core-data","FIN","manager","all","READ","none-found","Chart-of-accounts ancestry walk + balance-sheet current_balance_myr - already covered by the Chart of Accounts page row above."
"Finance","Financial Reports","/app/finance/reports","sap_sales_persons","display-join","FIN","manager","all","READ","none-found","⚠ INNER JOIN in salesRepRevenueData - an RLS denial silently drops the rep's row from that chart, not just the name. Already covered by the Invoices page row above."
"Finance","Financial Reports","/app/finance/reports","sap_pipeline_state","metadata-freshness","FIN","manager","all","READ","none-found","Freshness banner (financeMetadataService.js) - this page requires manager role specifically, unlike Sales' pipeline_state consumers which only require the department. Low-sensitivity metadata - a blanket 'any authenticated user' policy is also a reasonable simplification."
"Finance","Financial Reports","/app/finance/reports","sap_customers","lookup-dimension","FIN","manager","all","READ","none-found","Already covered by the Invoices page row above."
"Finance","Financial Reports","/app/finance/reports","private.mv_gl_monthly_account_summary","core-data","FIN","manager","all","READ","n/a-cannot-have-rls","base_gl_lines CTE - materialized views cannot have RLS in Postgres. Protection is instead the authorization guard just added to the top of get_finance_dashboard_rpc.sql, which checks role=manager AND department in (FIN,MGM), superadmin bypass. This row documents the effective protection so it isn't silently missing from this matrix, not an actual table policy."
"Finance","Financial Reports","/app/finance/reports","sap_invoices","core-data","MGM","manager","all","READ","none-found","Incremental Top Management slice - MGM has no other way to reach this table (excluded from Invoices per R3). Same condition as the Sales Reports MGM row for this table - only needs to exist once."
"Finance","Financial Reports","/app/finance/reports","sap_payments","core-data","MGM","manager","all","READ","none-found","Incremental Top Management slice - same condition as the Sales Reports MGM row for this table, only needs to exist once."
"Finance","Financial Reports","/app/finance/reports","sap_payment_applications","core-data","MGM","manager","all","READ","none-found","Incremental Top Management slice - same condition as the Sales Reports MGM row for this table, only needs to exist once."
"Finance","Financial Reports","/app/finance/reports","sap_vendor_bills","core-data","MGM","manager","all","READ","none-found","Incremental Top Management slice - MGM has no other way to reach this table (excluded from Bills per R3)."
"Finance","Financial Reports","/app/finance/reports","sap_vendor_payments","core-data","MGM","manager","all","READ","none-found","Incremental Top Management slice - MGM has no other way to reach this table (excluded from Vendor Payments per R3)."
"Finance","Financial Reports","/app/finance/reports","sap_vendor_payment_applications","core-data","MGM","manager","all","READ","none-found","Incremental Top Management slice."
"Finance","Financial Reports","/app/finance/reports","sap_gl_accounts","core-data","MGM","manager","all","READ","none-found","Incremental Top Management slice - MGM has no other way to reach this table (excluded from Chart of Accounts per R3)."
"Finance","Financial Reports","/app/finance/reports","sap_sales_persons","display-join","MGM","manager","all","READ","none-found","Incremental Top Management slice - same condition as the Sales Reports MGM row for this table, only needs to exist once. ⚠ inner-join row-drop risk."
"Finance","Financial Reports","/app/finance/reports","sap_pipeline_state","metadata-freshness","MGM","manager","all","READ","none-found","Incremental Top Management slice - same condition as the Sales Reports MGM row for this table, only needs to exist once."
"Finance","Financial Reports","/app/finance/reports","private.mv_gl_monthly_account_summary","core-data","MGM","manager","all","READ","n/a-cannot-have-rls","Same authorization-guard protection as the FIN row above - the guard already allows MGM+manager."
"Superadmin (all tables)","(bypass - every page above)","","sales_leads","n/a","","superadmin","all","CRUD","none-found","Matches the existing Superadmin CRUD pattern already live on attendance_activities. Superadmin bypasses department/role entirely per canAccess()."
"Superadmin (all tables)","(bypass - every page above)","","sales_leads_stage_history","n/a","","superadmin","all","CRUD","none-found","Same pattern."
"Superadmin (all tables)","(bypass - every page above)","","sales_leads_lose_reasons","n/a","","superadmin","all","CRUD","none-found","Same pattern."
"Superadmin (all tables)","(bypass - every page above)","","lead_source_types","n/a","","superadmin","all","CRUD","none-found","Same pattern."
"Superadmin (all tables)","(bypass - every page above)","","clients","n/a","","superadmin","all","CRUD","none-found","Same pattern."
"Superadmin (all tables)","(bypass - every page above)","","industries","n/a","","superadmin","all","CRUD","none-found","Same pattern."
"Superadmin (all tables)","(bypass - every page above)","","sales_targets","n/a","","superadmin","all","CRUD","create-not-confirmed-applied","sales_targets_budgets_crud.sql already drafts this exact policy."
"Superadmin (all tables)","(bypass - every page above)","","sales_budgets","n/a","","superadmin","all","CRUD","create-not-confirmed-applied","sales_targets_budgets_crud.sql already drafts this exact policy."
"Superadmin (all tables)","(bypass - every page above)","","employees","n/a","","superadmin","all","CRUD","none-found","Cross-cutting HR-owned table - verify against HR's own superadmin policy if one already exists there."
"Superadmin (all tables)","(bypass - every page above)","","employees_public","n/a","","superadmin","all","CRUD","none-found","Same caveat as employees."
"Superadmin (all tables)","(bypass - every page above)","","profiles","n/a","","superadmin","all","CRUD","none-found","Cross-cutting system table - verify against any existing global policy before adding a duplicate."
"Superadmin (all tables)","(bypass - every page above)","","employee_sales_rep_mapping","n/a","","superadmin","all","CRUD","none-found","Same pattern."
"Superadmin (all tables)","(bypass - every page above)","","sap_sales_orders","n/a","","superadmin","all","CRUD","none-found","Same pattern."
"Superadmin (all tables)","(bypass - every page above)","","sap_sales_order_lines","n/a","","superadmin","all","CRUD","none-found","Same pattern."
"Superadmin (all tables)","(bypass - every page above)","","sap_sales_persons","n/a","","superadmin","all","CRUD","none-found","Same pattern."
"Superadmin (all tables)","(bypass - every page above)","","sap_pipeline_state","n/a","","superadmin","all","CRUD","none-found","Same pattern."
"Superadmin (all tables)","(bypass - every page above)","","sap_customers","n/a","","superadmin","all","CRUD","none-found","Same pattern."
"Superadmin (all tables)","(bypass - every page above)","","sap_items","n/a","","superadmin","all","CRUD","none-found","Same pattern."
"Superadmin (all tables)","(bypass - every page above)","","sap_invoices","n/a","","superadmin","all","CRUD","none-found","Same pattern."
"Superadmin (all tables)","(bypass - every page above)","","sap_invoice_lines","n/a","","superadmin","all","CRUD","none-found","Same pattern."
"Superadmin (all tables)","(bypass - every page above)","","sap_payments","n/a","","superadmin","all","CRUD","none-found","Same pattern."
"Superadmin (all tables)","(bypass - every page above)","","sap_payment_applications","n/a","","superadmin","all","CRUD","none-found","Same pattern."
"Superadmin (all tables)","(bypass - every page above)","","sap_vendor_bills","n/a","","superadmin","all","CRUD","none-found","Same pattern."
"Superadmin (all tables)","(bypass - every page above)","","sap_vendor_bill_lines","n/a","","superadmin","all","CRUD","none-found","Same pattern."
"Superadmin (all tables)","(bypass - every page above)","","sap_vendor_payments","n/a","","superadmin","all","CRUD","none-found","Same pattern."
"Superadmin (all tables)","(bypass - every page above)","","sap_vendor_payment_applications","n/a","","superadmin","all","CRUD","none-found","Same pattern."
"Superadmin (all tables)","(bypass - every page above)","","sap_gl_accounts","n/a","","superadmin","all","CRUD","none-found","Same pattern."
"Superadmin (all tables)","(bypass - every page above)","","sap_gl_journal_entries","n/a","","superadmin","all","CRUD","none-found","Same pattern."
"Superadmin (all tables)","(bypass - every page above)","","sap_gl_journal_lines","n/a","","superadmin","all","CRUD","none-found","Same pattern."
